page,category,label_guess,file,bbox_pdf_points
1,01_stage_deck_platform_panels,3尺幅パネル 6尺幅パネル,01_stage_deck_platform_panels/p01_001_3尺幅パネル_6尺幅パネル.png,"144.2,101.4,466.4,238.0"
1,01_stage_deck_platform_panels,1間 密 幕,01_stage_deck_platform_panels/p01_002_1間_密_幕.png,"73.0,152.9,256.8,231.0"
1,01_stage_deck_platform_panels,開き⾜ A 上 開き⾜ B 上 中⾜ A 前   中⾜ A 横    中⾜ B 前   中⾜ B 横,01_stage_deck_platform_panels/p01_003_開き⾜_A_上_開き⾜_B_上_中⾜_A_前_中⾜_A_横_中⾜_B_前_中⾜_B_横.png,"73.0,191.5,536.9,364.2"
1,01_stage_deck_platform_panels,3尺幅パネル 6尺幅パネル,01_stage_deck_platform_panels/p01_004_3尺幅パネル_6尺幅パネル.png,"408.0,251.6,433.8,253.0"
1,01_stage_deck_platform_panels,3尺幅パネル 6尺幅パネル,01_stage_deck_platform_panels/p01_005_3尺幅パネル_6尺幅パネル.png,"463.8,251.6,515.4,253.0"
1,01_stage_deck_platform_panels,3x6平台 B 正⾯  4x6平台 B 正⾯ 6尺⻑平台 B 横,01_stage_deck_platform_panels/p01_006_3x6平台_B_正⾯_4x6平台_B_正⾯_6尺⻑平台_B_横.png,"86.8,336.7,98.8,340.1"
1,01_stage_deck_platform_panels,3x6平台 B 正⾯  4x6平台 B 正⾯ 6尺⻑平台 B 横,01_stage_deck_platform_panels/p01_007_3x6平台_B_正⾯_4x6平台_B_正⾯_6尺⻑平台_B_横.png,"146.8,336.7,158.8,388.2"
1,01_stage_deck_platform_panels,開き⾜ A 上 開き⾜ B 上 中⾜ A 前   中⾜ A 横    中⾜ B 前   中⾜ B 横,01_stage_deck_platform_panels/p01_008_開き⾜_A_上_開き⾜_B_上_中⾜_A_前_中⾜_A_横_中⾜_B_前_中⾜_B_横.png,"206.6,373.7,213.5,388.2"
1,01_stage_deck_platform_panels,開き⾜ A 上 開き⾜ B 上 中⾜ A 前   中⾜ A 横    中⾜ B 前   中⾜ B 横,01_stage_deck_platform_panels/p01_009_開き⾜_A_上_開き⾜_B_上_中⾜_A_前_中⾜_A_横_中⾜_B_前_中⾜_B_横.png,"261.5,373.7,264.8,388.2"
1,01_stage_deck_platform_panels,開き⾜ A 上 開き⾜ B 上 中⾜ A 前   中⾜ A 横    中⾜ B 前   中⾜ B 横,01_stage_deck_platform_panels/p01_010_開き⾜_A_上_開き⾜_B_上_中⾜_A_前_中⾜_A_横_中⾜_B_前_中⾜_B_横.png,"309.6,373.7,313.0,388.2"
1,01_stage_deck_platform_panels,3x6平台 B 正⾯  4x6平台 B 正⾯ 6尺⻑平台 B 横,01_stage_deck_platform_panels/p01_011_3x6平台_B_正⾯_4x6平台_B_正⾯_6尺⻑平台_B_横.png,"361.0,372.7,373.0,388.2"
1,01_stage_deck_platform_panels,箱⾺ 上 1尺x6寸 A,01_stage_deck_platform_panels/p01_012_箱⾺_上_1尺x6寸_A.png,"85.9,429.5,92.8,450.1"
1,01_stage_deck_platform_panels,箱⾺ 上 1尺x6寸 A,01_stage_deck_platform_panels/p01_013_箱⾺_上_1尺x6寸_A.png,"126.6,429.5,130.0,450.1"
1,01_stage_deck_platform_panels,⾼⾜ A 前 ⾼⾜ A 横   ⾼⾜ B 前  ⾼⾜ B 横,01_stage_deck_platform_panels/p01_014_⾼⾜_A_前_⾼⾜_A_横_⾼⾜_B_前_⾼⾜_B_横.png,"174.6,429.5,178.1,450.1"
1,01_stage_deck_platform_panels,⾼⾜ A 前 ⾼⾜ A 横   ⾼⾜ B 前  ⾼⾜ B 横,01_stage_deck_platform_panels/p01_015_⾼⾜_A_前_⾼⾜_A_横_⾼⾜_B_前_⾼⾜_B_横.png,"211.9,428.6,223.9,450.1"
1,01_stage_deck_platform_panels,箱⾺ ⼩2 横 1尺x6寸 A,01_stage_deck_platform_panels/p01_016_箱⾺_⼩2_横_1尺x6寸_A.png,"257.6,428.6,309.2,450.1"
1,01_stage_deck_platform_panels,箱⾺ 上 1尺x6寸 A,01_stage_deck_platform_panels/p01_017_箱⾺_上_1尺x6寸_A.png,"84.2,476.2,89.3,484.7"
1,01_stage_deck_platform_panels,箱⾺ ⼩2 横 1尺x6寸 A,01_stage_deck_platform_panels/p01_018_箱⾺_⼩2_横_1尺x6寸_A.png,"250.1,476.6,255.2,485.3"
1,01_stage_deck_platform_panels,箱⾺ 上 1尺x6寸 B,01_stage_deck_platform_panels/p01_019_箱⾺_上_1尺x6寸_B.png,"84.2,508.2,89.3,516.8"
1,01_stage_deck_platform_panels,箱⾺ ⼩2 横 1尺x6寸 B,01_stage_deck_platform_panels/p01_020_箱⾺_⼩2_横_1尺x6寸_B.png,"250.1,508.7,255.2,517.3"
1,01_stage_deck_platform_panels,箱⾺⼤ 横 1尺7寸x6寸 A,01_stage_deck_platform_panels/p01_021_箱⾺⼤_横_1尺7寸x6寸_A.png,"84.2,537.4,89.3,551.9"
1,01_stage_deck_platform_panels,箱⾺ ⼩2 正⾯ 1尺x1尺 A,01_stage_deck_platform_panels/p01_022_箱⾺_⼩2_正⾯_1尺x1尺_A.png,"248.4,540.7,257.0,549.2"
1,01_stage_deck_platform_panels,箱⾺⼤ 横 1尺7寸x6寸 B,01_stage_deck_platform_panels/p01_023_箱⾺⼤_横_1尺7寸x6寸_B.png,"84.2,569.4,89.3,584.0"
1,01_stage_deck_platform_panels,箱⾺ ⼩2 正⾯ 1尺x1尺 B,01_stage_deck_platform_panels/p01_024_箱⾺_⼩2_正⾯_1尺x1尺_B.png,"248.4,572.6,257.0,581.3"
1,01_stage_deck_platform_panels,箱⾺ ⼤ 正⾯ 1尺7寸x1尺 A,01_stage_deck_platform_panels/p01_025_箱⾺_⼤_正⾯_1尺7寸x1尺_A.png,"82.4,601.6,91.1,616.1"
1,01_stage_deck_platform_panels,⽊台 3寸x1尺,01_stage_deck_platform_panels/p01_026_⽊台_3寸x1尺.png,"251.4,604.7,254.0,613.3"
1,01_stage_deck_platform_panels,箱⾺ ⼤ 正⾯ 1尺7寸x1尺 B,01_stage_deck_platform_panels/p01_027_箱⾺_⼤_正⾯_1尺7寸x1尺_B.png,"82.4,633.6,91.1,648.2"
1,01_stage_deck_platform_panels,箱⾺ ⼩1 横 1尺1寸x6寸 A,01_stage_deck_platform_panels/p01_028_箱⾺_⼩1_横_1尺1寸x6寸_A.png,"84.2,668.3,89.3,677.8"
1,01_stage_deck_platform_panels,箱⾺ ⼩1 横 1尺1寸x6寸 B,01_stage_deck_platform_panels/p01_029_箱⾺_⼩1_横_1尺1寸x6寸_B.png,"84.2,700.3,89.3,709.8"
1,01_stage_deck_platform_panels,箱⾺ ⼩1 正⾯ 1尺1寸x1尺 A,01_stage_deck_platform_panels/p01_030_箱⾺_⼩1_正⾯_1尺1寸x1尺_A.png,"82.4,732.5,91.1,742.0"
1,01_stage_deck_platform_panels,箱⾺ ⼩1 正⾯ 1尺1寸x1尺 B,01_stage_deck_platform_panels/p01_031_箱⾺_⼩1_正⾯_1尺1寸x1尺_B.png,"82.4,764.5,91.1,774.0"
2,02_furniture_fx,椅⼦ A 上,02_furniture_fx/p02_001_椅⼦_A_上.png,"78.1,67.7,91.9,81.5"
2,02_furniture_fx,ラジカセ A,02_furniture_fx/p02_002_ラジカセ_A.png,"220.8,71.2,239.8,80.8"
2,02_furniture_fx,スモークマシン A,02_furniture_fx/p02_003_スモークマシン_A.png,"385.2,71.2,410.2,82.1"
2,02_furniture_fx,椅⼦ A 横,02_furniture_fx/p02_004_椅⼦_A_横.png,"78.1,95.4,91.9,117.7"
2,02_furniture_fx,ラジカセ B,02_furniture_fx/p02_005_ラジカセ_B.png,"217.3,103.1,239.6,113.0"
2,02_furniture_fx,スモークマシン B,02_furniture_fx/p02_006_スモークマシン_B.png,"385.2,99.8,410.2,110.8"
2,02_furniture_fx,椅⼦ A 前,02_furniture_fx/p02_007_椅⼦_A_前.png,"78.1,127.4,91.9,149.9"
2,02_furniture_fx,スモークマシン C,02_furniture_fx/p02_008_スモークマシン_C.png,"385.2,133.4,410.2,144.4"
2,02_furniture_fx,ラジカセ C,02_furniture_fx/p02_009_ラジカセ_C.png,"213.0,136.4,239.6,144.0"
2,02_furniture_fx,椅⼦ B 上,02_furniture_fx/p02_010_椅⼦_B_上.png,"78.1,163.8,91.9,177.6"
2,02_furniture_fx,スモークマシン D,02_furniture_fx/p02_011_スモークマシン_D.png,"386.4,167.3,408.8,177.6"
2,02_furniture_fx,椅⼦ B 横,02_furniture_fx/p02_012_椅⼦_B_横.png,"78.1,191.6,91.9,214.0"
2,02_furniture_fx,スモークマシン E,02_furniture_fx/p02_013_スモークマシン_E.png,"386.4,199.4,408.8,209.8"
2,02_furniture_fx,椅⼦ B 前,02_furniture_fx/p02_014_椅⼦_B_前.png,"78.1,223.7,91.9,246.0"
2,02_furniture_fx,スモークマシン F,02_furniture_fx/p02_015_スモークマシン_F.png,"384.6,231.6,410.8,241.9"
2,02_furniture_fx,椅⼦ C 上,02_furniture_fx/p02_016_椅⼦_C_上.png,"79.1,260.9,91.1,272.9"
2,02_furniture_fx,スモークマシン G,02_furniture_fx/p02_017_スモークマシン_G.png,"387.4,263.8,408.0,274.1"
2,02_furniture_fx,椅⼦ C 横,02_furniture_fx/p02_018_椅⼦_C_横.png,"78.6,287.8,91.4,310.1"
2,02_furniture_fx,スモークマシン H,02_furniture_fx/p02_019_スモークマシン_H.png,"384.8,294.6,410.5,307.6"
2,02_furniture_fx,椅⼦ C 前,02_furniture_fx/p02_020_椅⼦_C_前.png,"78.1,319.8,91.9,342.1"
2,02_furniture_fx,スモークマシン I,02_furniture_fx/p02_021_スモークマシン_I.png,"384.8,326.8,410.5,339.7"
2,02_furniture_fx,椅⼦ D 上,02_furniture_fx/p02_022_椅⼦_D_上.png,"78.6,355.9,91.4,370.1"
2,02_furniture_fx,扇風機 A,02_furniture_fx/p02_023_扇風機_A.png,"393.5,358.9,401.9,371.8"
2,02_furniture_fx,椅⼦ D 横,02_furniture_fx/p02_024_椅⼦_D_横.png,"77.9,384.1,92.0,405.8"
2,02_furniture_fx,扇風機 B,02_furniture_fx/p02_025_扇風機_B.png,"394.1,391.2,401.3,403.9"
2,02_furniture_fx,椅⼦ D 前,02_furniture_fx/p02_026_椅⼦_D_前.png,"78.0,416.4,92.2,437.9"
2,02_furniture_fx,椅⼦ E 上,02_furniture_fx/p02_027_椅⼦_E_上.png,"78.1,452.0,91.9,466.3"
2,02_furniture_fx,椅⼦ E 横,02_furniture_fx/p02_028_椅⼦_E_横.png,"77.5,480.1,92.4,501.8"
2,02_furniture_fx,椅⼦ E 前,02_furniture_fx/p02_029_椅⼦_E_前.png,"78.4,512.2,91.7,534.4"
2,02_furniture_fx,丸椅⼦ A 上,02_furniture_fx/p02_030_丸椅⼦_A_上.png,"79.6,549.8,90.5,560.8"
2,02_furniture_fx,丸椅⼦ A 横・前,02_furniture_fx/p02_031_丸椅⼦_A_横・前.png,"79.6,581.3,90.5,593.8"
2,02_furniture_fx,パイプ椅⼦ A 上,02_furniture_fx/p02_032_パイプ椅⼦_A_上.png,"79.0,613.0,91.1,626.0"
2,02_furniture_fx,パイプ椅⼦ A 横,02_furniture_fx/p02_033_パイプ椅⼦_A_横.png,"78.7,640.2,91.2,662.8"
2,02_furniture_fx,パイプ椅⼦ A 前,02_furniture_fx/p02_034_パイプ椅⼦_A_前.png,"79.1,671.3,91.1,695.5"
3,03_lighting_par_fresnel_ellipsoidal,平凸 A W,03_lighting_par_fresnel_ellipsoidal/p03_001_平凸_A_W.png,"76.4,62.4,89.3,75.2"
3,03_lighting_par_fresnel_ellipsoidal,PAR A,03_lighting_par_fresnel_ellipsoidal/p03_002_PAR_A.png,"232.6,63.2,244.0,80.4"
3,03_lighting_par_fresnel_ellipsoidal,フラッドライト A,03_lighting_par_fresnel_ellipsoidal/p03_003_フラッドライト_A.png,"402.8,64.9,417.6,72.2"
3,03_lighting_par_fresnel_ellipsoidal,平凸 A G,03_lighting_par_fresnel_ellipsoidal/p03_004_平凸_A_G.png,"76.4,94.4,89.3,107.3"
3,03_lighting_par_fresnel_ellipsoidal,PAR A M,03_lighting_par_fresnel_ellipsoidal/p03_005_PAR_A_M.png,"232.6,95.3,244.0,112.4"
3,03_lighting_par_fresnel_ellipsoidal,フラッドライト B,03_lighting_par_fresnel_ellipsoidal/p03_006_フラッドライト_B.png,"403.0,97.3,417.6,104.2"
3,03_lighting_par_fresnel_ellipsoidal,平凸 A B,03_lighting_par_fresnel_ellipsoidal/p03_007_平凸_A_B.png,"76.4,126.4,89.3,139.3"
3,03_lighting_par_fresnel_ellipsoidal,PAR A M B,03_lighting_par_fresnel_ellipsoidal/p03_008_PAR_A_M_B.png,"232.6,127.4,244.0,144.6"
3,03_lighting_par_fresnel_ellipsoidal,フラッドライト C,03_lighting_par_fresnel_ellipsoidal/p03_009_フラッドライト_C.png,"402.8,129.1,417.6,136.4"
3,03_lighting_par_fresnel_ellipsoidal,平凸 B,03_lighting_par_fresnel_ellipsoidal/p03_010_平凸_B.png,"75.8,157.8,90.0,172.0"
3,03_lighting_par_fresnel_ellipsoidal,PAR A N,03_lighting_par_fresnel_ellipsoidal/p03_011_PAR_A_N.png,"232.6,159.5,244.0,176.6"
3,03_lighting_par_fresnel_ellipsoidal,フラッドライト D,03_lighting_par_fresnel_ellipsoidal/p03_012_フラッドライト_D.png,"403.0,161.4,417.6,168.4"
3,03_lighting_par_fresnel_ellipsoidal,平凸 C,03_lighting_par_fresnel_ellipsoidal/p03_013_平凸_C.png,"75.8,189.8,90.0,204.0"
3,03_lighting_par_fresnel_ellipsoidal,PAR A N B,03_lighting_par_fresnel_ellipsoidal/p03_014_PAR_A_N_B.png,"232.6,191.6,244.0,208.8"
3,03_lighting_par_fresnel_ellipsoidal,エリスポ A W,03_lighting_par_fresnel_ellipsoidal/p03_015_エリスポ_A_W.png,"406.1,187.6,413.2,209.0"
3,03_lighting_par_fresnel_ellipsoidal,平凸 D W,03_lighting_par_fresnel_ellipsoidal/p03_016_平凸_D_W.png,"76.4,220.3,89.3,237.5"
3,03_lighting_par_fresnel_ellipsoidal,PAR A VN,03_lighting_par_fresnel_ellipsoidal/p03_017_PAR_A_VN.png,"232.6,220.2,244.0,237.4"
3,03_lighting_par_fresnel_ellipsoidal,エリスポ A G,03_lighting_par_fresnel_ellipsoidal/p03_018_エリスポ_A_G.png,"406.1,219.4,413.2,240.8"
3,03_lighting_par_fresnel_ellipsoidal,平凸 D G,03_lighting_par_fresnel_ellipsoidal/p03_019_平凸_D_G.png,"76.4,252.4,89.3,269.5"
3,03_lighting_par_fresnel_ellipsoidal,エリスポ B,03_lighting_par_fresnel_ellipsoidal/p03_020_エリスポ_B.png,"406.1,251.3,413.2,272.6"
3,03_lighting_par_fresnel_ellipsoidal,PAR A VN B,03_lighting_par_fresnel_ellipsoidal/p03_021_PAR_A_VN_B.png,"232.6,255.7,244.0,273.0"
3,03_lighting_par_fresnel_ellipsoidal,平凸 E,03_lighting_par_fresnel_ellipsoidal/p03_022_平凸_E.png,"76.4,284.4,89.3,301.6"
3,03_lighting_par_fresnel_ellipsoidal,エリスポ C G,03_lighting_par_fresnel_ellipsoidal/p03_023_エリスポ_C_G.png,"405.4,281.2,413.2,338.4"
3,03_lighting_par_fresnel_ellipsoidal,PAR B,03_lighting_par_fresnel_ellipsoidal/p03_024_PAR_B.png,"232.6,287.9,244.0,305.0"
3,03_lighting_par_fresnel_ellipsoidal,平凸 F W,03_lighting_par_fresnel_ellipsoidal/p03_025_平凸_F_W.png,"76.4,316.4,89.3,333.6"
3,03_lighting_par_fresnel_ellipsoidal,PAR B M,03_lighting_par_fresnel_ellipsoidal/p03_026_PAR_B_M.png,"232.6,319.9,244.0,337.1"
3,03_lighting_par_fresnel_ellipsoidal,平凸 F G,03_lighting_par_fresnel_ellipsoidal/p03_027_平凸_F_G.png,"76.4,348.5,89.3,365.6"
3,03_lighting_par_fresnel_ellipsoidal,PAR B N,03_lighting_par_fresnel_ellipsoidal/p03_028_PAR_B_N.png,"232.6,352.1,244.0,369.2"
3,03_lighting_par_fresnel_ellipsoidal,エリスポ D W,03_lighting_par_fresnel_ellipsoidal/p03_029_エリスポ_D_W.png,"404.5,347.2,413.2,367.8"
3,03_lighting_par_fresnel_ellipsoidal,フレネル A W,03_lighting_par_fresnel_ellipsoidal/p03_030_フレネル_A_W.png,"76.4,382.7,89.3,395.5"
3,03_lighting_par_fresnel_ellipsoidal,PAR B VN,03_lighting_par_fresnel_ellipsoidal/p03_031_PAR_B_VN.png,"232.6,384.1,244.0,401.3"
3,03_lighting_par_fresnel_ellipsoidal,エリスポ D G,03_lighting_par_fresnel_ellipsoidal/p03_032_エリスポ_D_G.png,"404.5,379.1,413.2,399.7"
3,03_lighting_par_fresnel_ellipsoidal,フレネル A G,03_lighting_par_fresnel_ellipsoidal/p03_033_フレネル_A_G.png,"76.4,414.7,89.3,427.6"
3,03_lighting_par_fresnel_ellipsoidal,エリスポ E,03_lighting_par_fresnel_ellipsoidal/p03_034_エリスポ_E.png,"404.5,410.9,413.2,431.5"
3,03_lighting_par_fresnel_ellipsoidal,PAR C,03_lighting_par_fresnel_ellipsoidal/p03_035_PAR_C.png,"232.6,416.3,244.0,433.4"
3,03_lighting_par_fresnel_ellipsoidal,エリスポ F G,03_lighting_par_fresnel_ellipsoidal/p03_036_エリスポ_F_G.png,"402.8,439.7,413.2,529.7"
3,03_lighting_par_fresnel_ellipsoidal,フレネル A B,03_lighting_par_fresnel_ellipsoidal/p03_037_フレネル_A_B.png,"76.4,446.8,89.3,459.6"
3,03_lighting_par_fresnel_ellipsoidal,PAR C M,03_lighting_par_fresnel_ellipsoidal/p03_038_PAR_C_M.png,"232.6,448.3,244.0,465.5"
3,03_lighting_par_fresnel_ellipsoidal,フレネル B,03_lighting_par_fresnel_ellipsoidal/p03_039_フレネル_B.png,"75.8,478.1,90.0,492.2"
3,03_lighting_par_fresnel_ellipsoidal,PAR C N,03_lighting_par_fresnel_ellipsoidal/p03_040_PAR_C_N.png,"232.6,480.4,244.0,497.6"
3,03_lighting_par_fresnel_ellipsoidal,フレネル C,03_lighting_par_fresnel_ellipsoidal/p03_041_フレネル_C.png,"75.8,510.1,90.0,524.3"
3,03_lighting_par_fresnel_ellipsoidal,PAR C VN,03_lighting_par_fresnel_ellipsoidal/p03_042_PAR_C_VN.png,"232.6,512.5,244.0,529.7"
3,03_lighting_par_fresnel_ellipsoidal,フレネル D W,03_lighting_par_fresnel_ellipsoidal/p03_043_フレネル_D_W.png,"76.4,541.7,89.3,556.8"
3,03_lighting_par_fresnel_ellipsoidal,PAR D,03_lighting_par_fresnel_ellipsoidal/p03_044_PAR_D.png,"231.0,543.7,244.0,562.7"
3,03_lighting_par_fresnel_ellipsoidal,フレネル D G,03_lighting_par_fresnel_ellipsoidal/p03_045_フレネル_D_G.png,"76.4,573.7,89.3,588.7"
3,03_lighting_par_fresnel_ellipsoidal,PAR D M,03_lighting_par_fresnel_ellipsoidal/p03_046_PAR_D_M.png,"231.0,575.9,244.0,594.7"
3,03_lighting_par_fresnel_ellipsoidal,フレネル E,03_lighting_par_fresnel_ellipsoidal/p03_047_フレネル_E.png,"76.4,605.8,89.3,620.8"
3,03_lighting_par_fresnel_ellipsoidal,PAR D N,03_lighting_par_fresnel_ellipsoidal/p03_048_PAR_D_N.png,"231.0,607.9,244.0,626.8"
3,03_lighting_par_fresnel_ellipsoidal,フレネル F W,03_lighting_par_fresnel_ellipsoidal/p03_049_フレネル_F_W.png,"76.4,636.6,89.3,654.0"
3,03_lighting_par_fresnel_ellipsoidal,PAR D VN,03_lighting_par_fresnel_ellipsoidal/p03_050_PAR_D_VN.png,"231.0,640.0,244.0,658.9"
3,03_lighting_par_fresnel_ellipsoidal,フレネル F G,03_lighting_par_fresnel_ellipsoidal/p03_051_フレネル_F_G.png,"76.4,668.6,89.3,686.0"
3,03_lighting_par_fresnel_ellipsoidal,フレネル G,03_lighting_par_fresnel_ellipsoidal/p03_052_フレネル_G.png,"74.8,703.0,89.3,715.8"
3,03_lighting_par_fresnel_ellipsoidal,フレネル H,03_lighting_par_fresnel_ellipsoidal/p03_053_フレネル_H.png,"74.8,735.0,89.3,747.8"
3,03_lighting_par_fresnel_ellipsoidal,フレネル H,03_lighting_par_fresnel_ellipsoidal/p03_054_フレネル_H.png,"74.8,767.0,89.3,779.9"
4,04_lighting_led,LED A,04_lighting_led/p04_001_LED_A.png,"76.4,88.2,89.3,101.2"
4,04_lighting_led,LED他 A W,04_lighting_led/p04_002_LED他_A_W.png,"244.0,89.9,256.8,98.5"
4,04_lighting_led,LED他ムービング A W,04_lighting_led/p04_003_LED他ムービング_A_W.png,"396.8,91.4,413.2,100.8"
4,04_lighting_led,LED A G,04_lighting_led/p04_004_LED_A_G.png,"76.4,120.2,89.3,133.2"
4,04_lighting_led,LED他 A B,04_lighting_led/p04_005_LED他_A_B.png,"244.0,121.8,256.8,130.4"
4,04_lighting_led,LED他ムービング A B,04_lighting_led/p04_006_LED他ムービング_A_B.png,"396.8,123.4,413.2,132.8"
4,04_lighting_led,LED B,04_lighting_led/p04_007_LED_B.png,"76.4,152.3,89.3,165.2"
4,04_lighting_led,LED他 B W,04_lighting_led/p04_008_LED他_B_W.png,"244.0,153.8,256.8,162.4"
4,04_lighting_led,LED他ムービング B W,04_lighting_led/p04_009_LED他ムービング_B_W.png,"396.8,154.9,413.2,165.2"
4,04_lighting_led,LED B G,04_lighting_led/p04_010_LED_B_G.png,"76.4,184.3,89.3,197.3"
4,04_lighting_led,LED他 B B,04_lighting_led/p04_011_LED他_B_B.png,"244.0,185.8,256.8,194.4"
4,04_lighting_led,LED他ムービング B B,04_lighting_led/p04_012_LED他ムービング_B_B.png,"396.8,186.8,413.2,197.2"
4,04_lighting_led,LED C,04_lighting_led/p04_013_LED_C.png,"76.4,216.4,89.3,229.3"
4,04_lighting_led,LED他 C W,04_lighting_led/p04_014_LED他_C_W.png,"244.0,217.8,256.8,226.3"
4,04_lighting_led,LED C G,04_lighting_led/p04_015_LED_C_G.png,"76.4,248.4,89.3,261.4"
4,04_lighting_led,LED他 C B,04_lighting_led/p04_016_LED他_C_B.png,"244.0,249.7,256.8,258.4"
4,04_lighting_led,LED D,04_lighting_led/p04_017_LED_D.png,"76.4,280.4,89.3,293.4"
4,04_lighting_led,LED他 D W,04_lighting_led/p04_018_LED他_D_W.png,"244.0,282.4,256.8,290.9"
4,04_lighting_led,LED D G,04_lighting_led/p04_019_LED_D_G.png,"76.4,312.5,89.3,325.4"
4,04_lighting_led,LED他 D G,04_lighting_led/p04_020_LED他_D_G.png,"244.0,314.4,256.8,322.9"
4,04_lighting_led,LED E,04_lighting_led/p04_021_LED_E.png,"76.4,344.5,89.3,357.4"
4,04_lighting_led,LED他 E W,04_lighting_led/p04_022_LED他_E_W.png,"244.0,346.4,256.8,355.0"
4,04_lighting_led,LED E G,04_lighting_led/p04_023_LED_E_G.png,"76.4,376.6,89.3,389.4"
4,04_lighting_led,LED他 E G,04_lighting_led/p04_024_LED他_E_G.png,"244.0,378.5,256.8,387.0"
4,04_lighting_led,LED F,04_lighting_led/p04_025_LED_F.png,"76.4,408.6,89.3,421.4"
4,04_lighting_led,LED他 F W,04_lighting_led/p04_026_LED他_F_W.png,"241.3,408.6,256.0,421.4"
4,04_lighting_led,LED F G,04_lighting_led/p04_027_LED_F_G.png,"76.4,440.6,89.3,453.5"
4,04_lighting_led,LED他 F G,04_lighting_led/p04_028_LED他_F_G.png,"241.3,440.9,256.0,453.7"
4,04_lighting_led,LEDムービング A正⾯,04_lighting_led/p04_029_LEDムービング_A正⾯.png,"73.9,468.7,90.2,485.9"
4,04_lighting_led,LED他 G W,04_lighting_led/p04_030_LED他_G_W.png,"241.3,473.2,256.0,486.0"
4,04_lighting_led,LEDムービング B正⾯,04_lighting_led/p04_031_LEDムービング_B正⾯.png,"73.9,501.0,90.2,518.2"
4,04_lighting_led,LED他 G G,04_lighting_led/p04_032_LED他_G_G.png,"241.3,505.4,256.0,518.3"
4,04_lighting_led,LEDムービング E正⾯,04_lighting_led/p04_033_LEDムービング_E正⾯.png,"73.9,533.3,90.2,550.6"
4,04_lighting_led,LED他 H W,04_lighting_led/p04_034_LED他_H_W.png,"241.3,537.7,256.0,550.6"
4,04_lighting_led,LEDムービング F正⾯,04_lighting_led/p04_035_LEDムービング_F正⾯.png,"73.9,565.7,90.2,582.8"
4,04_lighting_led,LED他 H G,04_lighting_led/p04_036_LED他_H_G.png,"241.3,570.0,256.0,582.8"
4,04_lighting_led,LEDバーA,04_lighting_led/p04_037_LEDバーA.png,"62.8,604.4,92.8,611.3"
4,04_lighting_led,LED他 I W,04_lighting_led/p04_038_LED他_I_W.png,"242.2,602.3,255.1,615.1"
4,04_lighting_led,LED他 I G,04_lighting_led/p04_039_LED他_I_G.png,"242.2,634.4,255.1,647.4"
5,05_lighting_effect_moving_clip,ムービング A 上,05_lighting_effect_moving_clip/p05_001_ムービング_A_上.png,"75.6,67.3,92.8,83.6"
5,05_lighting_effect_moving_clip,エフェクト A,05_lighting_effect_moving_clip/p05_002_エフェクト_A.png,"246.5,65.8,259.3,75.2"
5,05_lighting_effect_moving_clip,クリップライトA,05_lighting_effect_moving_clip/p05_003_クリップライトA.png,"387.6,69.8,395.6,82.8"
5,05_lighting_effect_moving_clip,ムービング A 横,05_lighting_effect_moving_clip/p05_004_ムービング_A_横.png,"76.4,96.6,92.8,118.1"
5,05_lighting_effect_moving_clip,エフェクト B,05_lighting_effect_moving_clip/p05_005_エフェクト_B.png,"246.5,101.2,259.4,110.5"
5,05_lighting_effect_moving_clip,クリップライトB,05_lighting_effect_moving_clip/p05_006_クリップライトB.png,"387.6,104.8,395.6,117.7"
5,05_lighting_effect_moving_clip,ムービング A 縦,05_lighting_effect_moving_clip/p05_007_ムービング_A_縦.png,"75.6,127.7,92.8,150.8"
5,05_lighting_effect_moving_clip,エフェクト C,05_lighting_effect_moving_clip/p05_008_エフェクト_C.png,"246.5,132.8,259.3,141.4"
5,05_lighting_effect_moving_clip,クリップライトC,05_lighting_effect_moving_clip/p05_009_クリップライトC.png,"387.4,136.7,396.0,148.7"
5,05_lighting_effect_moving_clip,ムービング A 上 G,05_lighting_effect_moving_clip/p05_010_ムービング_A_上_G.png,"75.6,163.0,92.8,179.3"
5,05_lighting_effect_moving_clip,エフェクト D,05_lighting_effect_moving_clip/p05_011_エフェクト_D.png,"246.5,162.0,259.3,174.8"
5,05_lighting_effect_moving_clip,クリップライトD,05_lighting_effect_moving_clip/p05_012_クリップライトD.png,"387.8,170.3,395.5,178.1"
5,05_lighting_effect_moving_clip,ムービング A 横 G,05_lighting_effect_moving_clip/p05_013_ムービング_A_横_G.png,"76.4,192.1,92.8,213.7"
5,05_lighting_effect_moving_clip,エフェクト E,05_lighting_effect_moving_clip/p05_014_エフェクト_E.png,"246.5,193.8,259.3,206.6"
5,05_lighting_effect_moving_clip,クリップライトE,05_lighting_effect_moving_clip/p05_015_クリップライトE.png,"387.8,201.0,395.5,210.4"
5,05_lighting_effect_moving_clip,ムービング A 縦 G,05_lighting_effect_moving_clip/p05_016_ムービング_A_縦_G.png,"75.6,223.2,92.8,246.4"
5,05_lighting_effect_moving_clip,エフェクト F,05_lighting_effect_moving_clip/p05_017_エフェクト_F.png,"246.5,227.3,259.3,240.1"
5,05_lighting_effect_moving_clip,クリップライトF,05_lighting_effect_moving_clip/p05_018_クリップライトF.png,"388.6,230.3,394.7,244.0"
5,05_lighting_effect_moving_clip,ムービング B 上,05_lighting_effect_moving_clip/p05_019_ムービング_B_上.png,"73.9,257.2,92.8,276.1"
5,05_lighting_effect_moving_clip,エフェクト G,05_lighting_effect_moving_clip/p05_020_エフェクト_G.png,"246.5,258.2,259.3,271.1"
5,05_lighting_effect_moving_clip,クリップライトG,05_lighting_effect_moving_clip/p05_021_クリップライトG.png,"385.8,262.2,397.6,275.0"
5,05_lighting_effect_moving_clip,エフェクト P,05_lighting_effect_moving_clip/p05_022_エフェクト_P.png,"239.9,284.8,265.9,307.1"
5,05_lighting_effect_moving_clip,ムービング B 横,05_lighting_effect_moving_clip/p05_023_ムービング_B_横.png,"73.9,287.9,92.8,309.0"
5,05_lighting_effect_moving_clip,クリップライトH,05_lighting_effect_moving_clip/p05_024_クリップライトH.png,"386.9,295.8,396.5,304.4"
5,05_lighting_effect_moving_clip,ムービング B 縦,05_lighting_effect_moving_clip/p05_025_ムービング_B_縦.png,"73.9,317.0,92.8,343.7"
5,05_lighting_effect_moving_clip,エフェクト S,05_lighting_effect_moving_clip/p05_026_エフェクト_S.png,"241.7,317.4,264.0,440.8"
5,05_lighting_effect_moving_clip,クリップライト/投光器A,05_lighting_effect_moving_clip/p05_027_クリップライト_投光器A.png,"385.2,322.2,398.2,341.0"
5,05_lighting_effect_moving_clip,ムービング B 上 G,05_lighting_effect_moving_clip/p05_028_ムービング_B_上_G.png,"73.9,352.7,92.8,371.6"
5,05_lighting_effect_moving_clip,クリップライト/投光器B,05_lighting_effect_moving_clip/p05_029_クリップライト_投光器B.png,"383.5,355.0,399.8,371.3"
5,05_lighting_effect_moving_clip,ムービング B 横 G,05_lighting_effect_moving_clip/p05_030_ムービング_B_横_G.png,"73.9,383.5,92.8,404.5"
5,05_lighting_effect_moving_clip,投光器他C1,05_lighting_effect_moving_clip/p05_031_投光器他C1.png,"383.9,390.5,399.4,395.6"
5,05_lighting_effect_moving_clip,ムービング B 縦 G,05_lighting_effect_moving_clip/p05_032_ムービング_B_縦_G.png,"73.9,412.6,92.8,439.2"
5,05_lighting_effect_moving_clip,投光器他C2,05_lighting_effect_moving_clip/p05_033_投光器他C2.png,"383.9,422.9,399.4,428.0"
5,05_lighting_effect_moving_clip,レーザーマシンA,05_lighting_effect_moving_clip/p05_034_レーザーマシンA.png,"244.8,453.8,262.0,462.4"
5,05_lighting_effect_moving_clip,投光器他D1,05_lighting_effect_moving_clip/p05_035_投光器他D1.png,"383.9,454.0,399.4,461.6"
5,05_lighting_effect_moving_clip,レーザーマシンB,05_lighting_effect_moving_clip/p05_036_レーザーマシンB.png,"244.8,486.5,262.0,495.0"
5,05_lighting_effect_moving_clip,投光器他D2,05_lighting_effect_moving_clip/p05_037_投光器他D2.png,"383.9,486.2,399.4,493.9"
5,05_lighting_effect_moving_clip,レーザーマシンツインA,05_lighting_effect_moving_clip/p05_038_レーザーマシンツインA.png,"244.8,518.2,262.0,526.8"
5,05_lighting_effect_moving_clip,投光器E1,05_lighting_effect_moving_clip/p05_039_投光器E1.png,"383.9,518.5,399.4,526.3"
5,05_lighting_effect_moving_clip,投光器E2,05_lighting_effect_moving_clip/p05_040_投光器E2.png,"383.9,550.9,399.4,558.6"
5,05_lighting_effect_moving_clip,投光器F1,05_lighting_effect_moving_clip/p05_041_投光器F1.png,"383.9,582.4,399.4,591.8"
5,05_lighting_effect_moving_clip,投光器F2,05_lighting_effect_moving_clip/p05_042_投光器F2.png,"383.9,612.7,399.4,622.1"
6,06_lighting_follow_stands_accessories,フォローピンスポット A,06_lighting_follow_stands_accessories/p06_001_フォローピンスポット_A.png,"95.4,93.7,111.7,124.7"
6,06_lighting_follow_stands_accessories,バンドア,06_lighting_follow_stands_accessories/p06_002_バンドア.png,"390.0,94.4,395.2,103.1"
6,06_lighting_follow_stands_accessories,バンドア,06_lighting_follow_stands_accessories/p06_003_バンドア.png,"408.0,94.4,413.2,103.1"
6,06_lighting_follow_stands_accessories,汎⽤ C,06_lighting_follow_stands_accessories/p06_004_汎⽤_C.png,"235.3,95.5,252.5,212.6"
6,06_lighting_follow_stands_accessories,ベース,06_lighting_follow_stands_accessories/p06_005_ベース.png,"396.0,123.5,413.2,131.3"
6,06_lighting_follow_stands_accessories,フォローピンスポット B,06_lighting_follow_stands_accessories/p06_006_フォローピンスポット_B.png,"95.4,141.2,112.6,177.8"
6,06_lighting_follow_stands_accessories,フォローピンスポット C,06_lighting_follow_stands_accessories/p06_007_フォローピンスポット_C.png,"94.4,194.4,112.6,239.9"
6,06_lighting_follow_stands_accessories,三脚スタンド A,06_lighting_follow_stands_accessories/p06_008_三脚スタンド_A.png,"390.7,199.7,413.2,224.6"
6,06_lighting_follow_stands_accessories,汎⽤ E,06_lighting_follow_stands_accessories/p06_009_汎⽤_E.png,"238.8,221.9,251.6,243.4"
6,06_lighting_follow_stands_accessories,三脚スタンド B,06_lighting_follow_stands_accessories/p06_010_三脚スタンド_B.png,"390.6,243.4,413.3,268.4"
6,06_lighting_follow_stands_accessories,汎⽤ F,06_lighting_follow_stands_accessories/p06_011_汎⽤_F.png,"238.8,253.7,251.6,275.2"
6,06_lighting_follow_stands_accessories,フォローピンスポット D,06_lighting_follow_stands_accessories/p06_012_フォローピンスポット_D.png,"93.6,256.4,112.6,304.6"
6,06_lighting_follow_stands_accessories,汎⽤ G,06_lighting_follow_stands_accessories/p06_013_汎⽤_G.png,"238.8,287.2,251.6,302.6"
6,06_lighting_follow_stands_accessories,汎⽤ H,06_lighting_follow_stands_accessories/p06_014_汎⽤_H.png,"238.8,317.3,251.6,332.8"
6,06_lighting_follow_stands_accessories,ボーダーハンガー,06_lighting_follow_stands_accessories/p06_015_ボーダーハンガー.png,"404.5,326.5,413.2,367.7"
6,06_lighting_follow_stands_accessories,アッパーライト A,06_lighting_follow_stands_accessories/p06_016_アッパーライト_A.png,"103.9,340.4,112.6,352.0"
6,06_lighting_follow_stands_accessories,アッパーライト B,06_lighting_follow_stands_accessories/p06_017_アッパーライト_B.png,"92.8,376.1,112.6,385.6"
6,06_lighting_follow_stands_accessories,⾃在ハンガー,06_lighting_follow_stands_accessories/p06_018_⾃在ハンガー.png,"411.5,398.0,413.2,405.2"
6,06_lighting_follow_stands_accessories,ホリゾントライト,06_lighting_follow_stands_accessories/p06_019_ホリゾントライト.png,"61.0,422.8,112.6,429.6"
6,06_lighting_follow_stands_accessories,ミラーボール,06_lighting_follow_stands_accessories/p06_020_ミラーボール.png,"395.2,421.4,414.0,442.8"
6,06_lighting_follow_stands_accessories,調光器4ch A,06_lighting_follow_stands_accessories/p06_021_調光器4ch_A.png,"235.3,433.2,252.5,443.5"
6,06_lighting_follow_stands_accessories,ミニブルx2,06_lighting_follow_stands_accessories/p06_022_ミニブルx2.png,"95.4,454.4,112.6,463.1"
6,06_lighting_follow_stands_accessories,調光器4ch B,06_lighting_follow_stands_accessories/p06_023_調光器4ch_B.png,"235.3,465.0,254.3,475.3"
6,06_lighting_follow_stands_accessories,置きミラーボール,06_lighting_follow_stands_accessories/p06_024_置きミラーボール.png,"394.2,462.5,413.2,475.0"
6,06_lighting_follow_stands_accessories,波マシン,06_lighting_follow_stands_accessories/p06_025_波マシン.png,"88.4,484.3,112.6,498.5"
6,06_lighting_follow_stands_accessories,回路番号,06_lighting_follow_stands_accessories/p06_026_回路番号.png,"395.9,496.1,413.2,511.4"
6,06_lighting_follow_stands_accessories,オーロラマシン,06_lighting_follow_stands_accessories/p06_027_オーロラマシン.png,"97.1,520.6,112.6,527.4"
6,06_lighting_follow_stands_accessories,フェーダー番号,06_lighting_follow_stands_accessories/p06_028_フェーダー番号.png,"396.0,526.2,413.2,543.4"
6,06_lighting_follow_stands_accessories,ストロボマシン A,06_lighting_follow_stands_accessories/p06_029_ストロボマシン_A.png,"99.6,547.3,112.6,560.2"
6,06_lighting_follow_stands_accessories,ディマー番号,06_lighting_follow_stands_accessories/p06_030_ディマー番号.png,"396.0,559.4,413.2,572.4"
6,06_lighting_follow_stands_accessories,ストロボマシン B,06_lighting_follow_stands_accessories/p06_031_ストロボマシン_B.png,"99.6,581.9,112.6,594.8"
7,07_audio_speakers_mics,スピーカー A G,07_audio_speakers_mics/p07_001_スピーカー_A_G.png,"81.1,94.8,89.8,100.1"
7,07_audio_speakers_mics,ハンドマイク,07_audio_speakers_mics/p07_002_ハンドマイク.png,"382.1,88.0,388.9,103.3"
7,07_audio_speakers_mics,ウェッジモニター A,07_audio_speakers_mics/p07_003_ウェッジモニター_A.png,"206.5,95.6,219.4,103.4"
7,07_audio_speakers_mics,W/Lハンド,07_audio_speakers_mics/p07_004_W_Lハンド.png,"382.1,118.6,388.9,141.0"
7,07_audio_speakers_mics,スピーカー A B,07_audio_speakers_mics/p07_005_スピーカー_A_B.png,"81.1,126.7,89.8,132.0"
7,07_audio_speakers_mics,ウェッジモニター B,07_audio_speakers_mics/p07_006_ウェッジモニター_B.png,"205.2,127.1,220.7,135.7"
7,07_audio_speakers_mics,スピーカー K,07_audio_speakers_mics/p07_007_スピーカー_K.png,"204.5,154.7,221.6,171.8"
7,07_audio_speakers_mics,フロアスタンド,07_audio_speakers_mics/p07_008_フロアスタンド.png,"382.1,151.1,388.9,166.4"
7,07_audio_speakers_mics,スピーカー B G,07_audio_speakers_mics/p07_009_スピーカー_B_G.png,"79.8,157.1,91.1,165.6"
7,07_audio_speakers_mics,スピーカー B B,07_audio_speakers_mics/p07_010_スピーカー_B_B.png,"79.8,189.0,91.1,197.4"
7,07_audio_speakers_mics,スピーカー L,07_audio_speakers_mics/p07_011_スピーカー_L.png,"204.5,186.6,221.6,203.8"
7,07_audio_speakers_mics,テーブルスタンド,07_audio_speakers_mics/p07_012_テーブルスタンド.png,"382.1,185.2,388.9,200.5"
7,07_audio_speakers_mics,スピーカー C G,07_audio_speakers_mics/p07_013_スピーカー_C_G.png,"79.9,220.8,91.1,229.4"
7,07_audio_speakers_mics,FBスピーカー A,07_audio_speakers_mics/p07_014_FBスピーカー_A.png,"204.5,222.8,221.4,231.2"
7,07_audio_speakers_mics,ブームスタンド,07_audio_speakers_mics/p07_015_ブームスタンド.png,"382.1,215.0,388.9,230.3"
7,07_audio_speakers_mics,スピーカー C B,07_audio_speakers_mics/p07_016_スピーカー_C_B.png,"79.9,252.7,91.1,261.4"
7,07_audio_speakers_mics,埋め込みスピーカー A,07_audio_speakers_mics/p07_017_埋め込みスピーカー_A.png,"205.8,251.9,220.0,266.0"
7,07_audio_speakers_mics,ショートブーム,07_audio_speakers_mics/p07_018_ショートブーム.png,"381.5,248.8,388.3,264.0"
7,07_audio_speakers_mics,スピーカー D G,07_audio_speakers_mics/p07_019_スピーカー_D_G.png,"79.9,284.6,91.1,293.3"
7,07_audio_speakers_mics,W/L 2P,07_audio_speakers_mics/p07_020_W_L_2P.png,"382.1,278.3,388.9,300.7"
7,07_audio_speakers_mics,D.I. ダイレクトボックス,07_audio_speakers_mics/p07_021_D.I._ダイレクトボックス.png,"382.1,311.5,388.9,326.9"
7,07_audio_speakers_mics,スピーカー D B,07_audio_speakers_mics/p07_022_スピーカー_D_B.png,"79.9,316.6,91.1,325.2"
7,07_audio_speakers_mics,フレキスタンド,07_audio_speakers_mics/p07_023_フレキスタンド.png,"382.1,343.3,388.9,363.5"
7,07_audio_speakers_mics,スピーカー E G,07_audio_speakers_mics/p07_024_スピーカー_E_G.png,"78.1,347.9,92.8,357.6"
7,07_audio_speakers_mics,スピーカー E B,07_audio_speakers_mics/p07_025_スピーカー_E_B.png,"78.1,379.8,92.8,389.5"
7,07_audio_speakers_mics,バウンダリマイク,07_audio_speakers_mics/p07_026_バウンダリマイク.png,"382.1,381.8,388.9,388.7"
7,07_audio_speakers_mics,スピーカー F G,07_audio_speakers_mics/p07_027_スピーカー_F_G.png,"78.1,409.3,92.8,419.0"
7,07_audio_speakers_mics,タイピンマイク,07_audio_speakers_mics/p07_028_タイピンマイク.png,"382.1,409.7,388.9,424.9"
7,07_audio_speakers_mics,スピーカー F B,07_audio_speakers_mics/p07_029_スピーカー_F_B.png,"78.1,441.2,92.8,451.0"
7,07_audio_speakers_mics,吊りマイク,07_audio_speakers_mics/p07_030_吊りマイク.png,"380.3,440.6,390.7,457.9"
7,07_audio_speakers_mics,スピーカー G G,07_audio_speakers_mics/p07_031_スピーカー_G_G.png,"78.1,471.7,92.8,484.6"
7,07_audio_speakers_mics,XY式,07_audio_speakers_mics/p07_032_XY式.png,"377.2,475.3,394.0,487.4"
7,07_audio_speakers_mics,スピーカー G B,07_audio_speakers_mics/p07_033_スピーカー_G_B.png,"78.1,503.6,92.8,516.5"
7,07_audio_speakers_mics,MS式,07_audio_speakers_mics/p07_034_MS式.png,"373.7,502.8,397.4,518.2"
7,07_audio_speakers_mics,スピーカー H G,07_audio_speakers_mics/p07_035_スピーカー_H_G.png,"78.1,535.7,92.8,548.5"
7,07_audio_speakers_mics,スピーカー H B,07_audio_speakers_mics/p07_036_スピーカー_H_B.png,"78.1,567.6,92.8,580.4"
7,07_audio_speakers_mics,パワーアンプ,07_audio_speakers_mics/p07_037_パワーアンプ.png,"376.1,570.7,391.2,587.6"
7,07_audio_speakers_mics,スピーカー I G,07_audio_speakers_mics/p07_038_スピーカー_I_G.png,"76.4,599.5,94.4,612.5"
7,07_audio_speakers_mics,4chパワーアンプ,07_audio_speakers_mics/p07_039_4chパワーアンプ.png,"378.5,600.6,388.8,632.9"
7,07_audio_speakers_mics,スピーカー I B,07_audio_speakers_mics/p07_040_スピーカー_I_B.png,"76.4,631.6,94.4,644.4"
7,07_audio_speakers_mics,ステレオパワーアンプ,07_audio_speakers_mics/p07_041_ステレオパワーアンプ.png,"378.5,642.8,388.8,665.8"
7,07_audio_speakers_mics,スピーカー J G,07_audio_speakers_mics/p07_042_スピーカー_J_G.png,"76.4,663.5,94.4,676.4"
7,07_audio_speakers_mics,スピーカー J B,07_audio_speakers_mics/p07_043_スピーカー_J_B.png,"76.4,695.5,94.4,708.4"
8,08_audio_players_stands,CDプレイヤー,08_audio_players_stands/p08_001_CDプレイヤー.png,"304.3,99.0,353.9,121.2"
8,08_audio_players_stands,ストレートスタンド,08_audio_players_stands/p08_002_ストレートスタンド.png,"82.9,110.4,91.9,111.8"
8,08_audio_players_stands,ブームスタンド,08_audio_players_stands/p08_003_ブームスタンド.png,"84.8,130.3,92.5,136.9"
8,08_audio_players_stands,CDJ,08_audio_players_stands/p08_004_CDJ.png,"319.7,142.4,353.9,178.3"
8,08_audio_players_stands,ブームスタンド,08_audio_players_stands/p08_005_ブームスタンド.png,"82.2,148.1,91.3,149.5"
8,08_audio_players_stands,ショートブーム,08_audio_players_stands/p08_006_ショートブーム.png,"82.6,168.4,92.5,182.2"
8,08_audio_players_stands,レコードプレイヤー,08_audio_players_stands/p08_007_レコードプレイヤー.png,"300.6,199.4,353.9,245.0"
8,08_audio_players_stands,SPスタンドA上,08_audio_players_stands/p08_008_SPスタンドA上.png,"76.1,225.2,98.8,244.9"
8,08_audio_players_stands,SPスタンドBG,08_audio_players_stands/p08_009_SPスタンドBG.png,"79.0,264.6,95.9,282.4"
8,08_audio_players_stands,MDプレイヤー,08_audio_players_stands/p08_010_MDプレイヤー.png,"304.3,273.1,353.9,292.9"
8,08_audio_players_stands,カセットテーププレイヤー,08_audio_players_stands/p08_011_カセットテーププレイヤー.png,"304.3,307.2,353.9,322.8"
8,08_audio_players_stands,SPスタンドB,08_audio_players_stands/p08_012_SPスタンドB.png,"74.5,324.1,100.3,334.4"
8,08_audio_players_stands,インカム親機,08_audio_players_stands/p08_013_インカム親機.png,"65.3,351.8,101.4,367.6"
8,08_audio_players_stands,DATプレイヤー,08_audio_players_stands/p08_014_DATプレイヤー.png,"304.3,345.2,353.9,360.8"
8,08_audio_players_stands,サンプリングマシンA,08_audio_players_stands/p08_015_サンプリングマシンA.png,"287.8,377.9,353.9,391.7"
8,08_audio_players_stands,インカム⼦機,08_audio_players_stands/p08_016_インカム⼦機.png,"70.9,385.4,95.8,400.3"
8,08_audio_players_stands,トランシーバー,08_audio_players_stands/p08_017_トランシーバー.png,"74.8,409.4,91.9,457.4"
8,08_audio_players_stands,サンプリングマシンB,08_audio_players_stands/p08_018_サンプリングマシンB.png,"307.1,409.7,353.9,456.1"
8,08_audio_players_stands,サンプリングマシンD,08_audio_players_stands/p08_019_サンプリングマシンD.png,"302.4,467.3,353.9,531.6"
8,08_audio_players_stands,ボーカルマイクA,08_audio_players_stands/p08_020_ボーカルマイクA.png,"68.3,483.4,98.4,494.5"
8,08_audio_players_stands,インストマイクA,08_audio_players_stands/p08_021_インストマイクA.png,"68.3,516.8,98.4,526.2"
8,08_audio_players_stands,インストマイクB,08_audio_players_stands/p08_022_インストマイクB.png,"68.3,548.5,98.4,554.5"
8,08_audio_players_stands,オープンリール,08_audio_players_stands/p08_023_オープンリール.png,"296.8,557.4,353.9,595.2"
8,08_audio_players_stands,バウンダリマイク,08_audio_players_stands/p08_024_バウンダリマイク.png,"72.1,581.5,94.4,585.7"
8,08_audio_players_stands,ワイヤレスマイク受信機,08_audio_players_stands/p08_025_ワイヤレスマイク受信機.png,"73.4,603.5,93.2,622.3"
8,08_audio_players_stands,MTR マルチトラックレコーダー,08_audio_players_stands/p08_026_MTR_マルチトラックレコーダー.png,"287.3,603.8,353.9,647.8"
8,08_audio_players_stands,DI ダイレクトボックス,08_audio_players_stands/p08_027_DI_ダイレクトボックス.png,"73.4,644.6,93.2,656.6"
8,08_audio_players_stands,ハンディレコーダー,08_audio_players_stands/p08_028_ハンディレコーダー.png,"326.4,663.0,353.9,716.3"
9,09_audio_mixers_processors,ミキサーA,09_audio_mixers_processors/p09_001_ミキサーA.png,"69.6,62.3,156.4,126.7"
9,09_audio_mixers_processors,グラフィックイコライザ―,09_audio_mixers_processors/p09_002_グラフィックイコライザ―.png,"322.9,119.2,357.0,136.2"
9,09_audio_mixers_processors,ミキサーB,09_audio_mixers_processors/p09_003_ミキサーB.png,"70.9,136.8,149.0,201.1"
9,09_audio_mixers_processors,コンプレッサー,09_audio_mixers_processors/p09_004_コンプレッサー.png,"324.4,153.7,358.4,170.6"
9,09_audio_mixers_processors,リバーブ,09_audio_mixers_processors/p09_005_リバーブ.png,"324.1,185.0,358.2,202.1"
9,09_audio_mixers_processors,ミキサーC,09_audio_mixers_processors/p09_006_ミキサーC.png,"84.2,209.5,135.7,261.0"
9,09_audio_mixers_processors,パラメトリックイコライザ―,09_audio_mixers_processors/p09_007_パラメトリックイコライザ―.png,"324.1,216.5,358.2,233.5"
9,09_audio_mixers_processors,クロスオーバー,09_audio_mixers_processors/p09_008_クロスオーバー.png,"324.1,247.9,358.2,264.8"
9,09_audio_mixers_processors,ミキサーD,09_audio_mixers_processors/p09_009_ミキサーD.png,"85.9,269.4,133.9,308.9"
9,09_audio_mixers_processors,ディレイ,09_audio_mixers_processors/p09_010_ディレイ.png,"324.1,279.4,358.2,296.3"
9,09_audio_mixers_processors,ゲート,09_audio_mixers_processors/p09_011_ゲート.png,"324.1,310.7,358.2,327.7"
9,09_audio_mixers_processors,デジタルミキサーA,09_audio_mixers_processors/p09_012_デジタルミキサーA.png,"70.9,317.2,149.0,381.6"
9,09_audio_mixers_processors,パワーアンプ,09_audio_mixers_processors/p09_013_パワーアンプ.png,"341.2,365.0,358.2,382.1"
9,09_audio_mixers_processors,デジタルミキサーB,09_audio_mixers_processors/p09_014_デジタルミキサーB.png,"70.9,390.0,149.0,454.3"
9,09_audio_mixers_processors,サブロー,09_audio_mixers_processors/p09_015_サブロー.png,"332.4,393.4,358.2,420.0"
9,09_audio_mixers_processors,ロー/ワイド,09_audio_mixers_processors/p09_016_ロー_ワイド.png,"342.7,443.2,358.2,468.1"
9,09_audio_mixers_processors,デジタルミキサーC,09_audio_mixers_processors/p09_017_デジタルミキサーC.png,"84.2,462.7,135.7,514.2"
9,09_audio_mixers_processors,ミッド,09_audio_mixers_processors/p09_018_ミッド.png,"338.4,487.2,358.2,506.0"
9,09_audio_mixers_processors,DJミキサー A,09_audio_mixers_processors/p09_019_DJミキサー_A.png,"82.1,522.6,137.9,591.2"
9,09_audio_mixers_processors,ハイ,09_audio_mixers_processors/p09_020_ハイ.png,"345.2,540.2,358.2,557.4"
9,09_audio_mixers_processors,DJミキサー B,09_audio_mixers_processors/p09_021_DJミキサー_B.png,"90.6,599.6,129.2,659.8"
9,09_audio_mixers_processors,DJコントローラ A,09_audio_mixers_processors/p09_022_DJコントローラ_A.png,"58.4,668.0,161.5,711.0"
9,09_audio_mixers_processors,DJコントローラ B,09_audio_mixers_processors/p09_023_DJコントローラ_B.png,"79.4,719.4,140.4,744.2"
10,10_video_camera_pc,PC A上,10_video_camera_pc/p10_001_PC_A上.png,"64.4,71.2,88.4,95.2"
10,10_video_camera_pc,カメラA,10_video_camera_pc/p10_002_カメラA.png,"242.2,71.0,249.1,84.8"
10,10_video_camera_pc,カメラS上,10_video_camera_pc/p10_003_カメラS上.png,"411.5,77.8,422.6,85.6"
10,10_video_camera_pc,カメラB,10_video_camera_pc/p10_004_カメラB.png,"242.2,102.2,249.1,117.7"
10,10_video_camera_pc,PC A横,10_video_camera_pc/p10_005_PC_A横.png,"71.2,108.0,88.4,121.8"
10,10_video_camera_pc,カメラS横,10_video_camera_pc/p10_006_カメラS横.png,"414.8,109.9,422.6,117.2"
10,10_video_camera_pc,PC A正⾯,10_video_camera_pc/p10_007_PC_A正⾯.png,"64.4,138.5,88.4,154.8"
10,10_video_camera_pc,カメラC,10_video_camera_pc/p10_008_カメラC.png,"242.2,135.1,249.1,148.8"
10,10_video_camera_pc,カメラT上,10_video_camera_pc/p10_009_カメラT上.png,"409.3,140.6,422.6,150.1"
10,10_video_camera_pc,PC B上,10_video_camera_pc/p10_010_PC_B上.png,"63.6,165.2,88.4,191.6"
10,10_video_camera_pc,カメラD,10_video_camera_pc/p10_011_カメラD.png,"242.5,166.2,249.4,181.2"
10,10_video_camera_pc,カメラT横,10_video_camera_pc/p10_012_カメラT横.png,"413.2,173.2,422.6,181.3"
10,10_video_camera_pc,PC B横,10_video_camera_pc/p10_013_PC_B横.png,"71.3,203.0,88.7,217.3"
10,10_video_camera_pc,カメラE,10_video_camera_pc/p10_014_カメラE.png,"242.2,198.2,249.1,215.4"
10,10_video_camera_pc,カメラU上,10_video_camera_pc/p10_015_カメラU上.png,"409.3,204.0,422.6,214.3"
10,10_video_camera_pc,PC B正⾯,10_video_camera_pc/p10_016_PC_B正⾯.png,"64.6,233.8,88.9,250.1"
10,10_video_camera_pc,カメラF上,10_video_camera_pc/p10_017_カメラF上.png,"233.6,228.2,249.1,245.4"
10,10_video_camera_pc,カメラU横,10_video_camera_pc/p10_018_カメラU横.png,"412.3,236.5,422.6,245.5"
10,10_video_camera_pc,PC F,10_video_camera_pc/p10_019_PC_F.png,"59.9,264.2,88.4,283.2"
10,10_video_camera_pc,カメラF横,10_video_camera_pc/p10_020_カメラF横.png,"232.8,265.1,250.0,273.6"
10,10_video_camera_pc,カメラV上,10_video_camera_pc/p10_021_カメラV上.png,"409.3,266.9,422.6,278.9"
10,10_video_camera_pc,カメラG上,10_video_camera_pc/p10_022_カメラG上.png,"233.6,293.2,249.1,312.1"
10,10_video_camera_pc,PC G,10_video_camera_pc/p10_023_PC_G.png,"59.9,296.0,88.4,315.0"
10,10_video_camera_pc,カメラV横,10_video_camera_pc/p10_024_カメラV横.png,"410.5,300.2,422.6,309.2"
10,10_video_camera_pc,PC H,10_video_camera_pc/p10_025_PC_H.png,"59.9,326.5,88.4,348.0"
10,10_video_camera_pc,カメラG横,10_video_camera_pc/p10_026_カメラG横.png,"232.0,331.7,250.8,339.4"
10,10_video_camera_pc,プロジェクターA,10_video_camera_pc/p10_027_プロジェクターA.png,"71.3,361.3,88.4,376.8"
10,10_video_camera_pc,カメラH上,10_video_camera_pc/p10_028_カメラH上.png,"233.6,359.0,249.1,375.4"
10,10_video_camera_pc,三脚A上,10_video_camera_pc/p10_029_三脚A上.png,"395.9,360.1,418.6,379.8"
10,10_video_camera_pc,プロジェクターB,10_video_camera_pc/p10_030_プロジェクターB.png,"71.3,393.1,88.4,408.5"
10,10_video_camera_pc,カメラH横,10_video_camera_pc/p10_031_カメラH横.png,"233.2,394.9,249.5,401.8"
10,10_video_camera_pc,三脚A横,10_video_camera_pc/p10_032_三脚A横.png,"402.5,402.6,418.6,431.0"
10,10_video_camera_pc,プロジェクターC,10_video_camera_pc/p10_033_プロジェクターC.png,"71.3,425.8,88.4,439.4"
10,10_video_camera_pc,カメラI上,10_video_camera_pc/p10_034_カメラI上.png,"238.0,426.0,246.5,432.8"
10,10_video_camera_pc,三脚B,10_video_camera_pc/p10_035_三脚B.png,"403.2,449.8,418.6,477.6"
10,10_video_camera_pc,プロジェクターD,10_video_camera_pc/p10_036_プロジェクターD.png,"71.3,457.4,88.4,471.2"
10,10_video_camera_pc,カメラI横,10_video_camera_pc/p10_037_カメラI横.png,"239.6,457.7,246.5,464.5"
10,10_video_camera_pc,モニターA上,10_video_camera_pc/p10_038_モニターA上.png,"67.9,493.6,88.4,498.7"
10,10_video_camera_pc,カメラJ上,10_video_camera_pc/p10_039_カメラJ上.png,"238.0,489.5,246.5,496.3"
10,10_video_camera_pc,三脚C,10_video_camera_pc/p10_040_三脚C.png,"403.2,496.3,418.6,524.6"
10,10_video_camera_pc,モニターA横,10_video_camera_pc/p10_041_モニターA横.png,"83.3,518.4,88.4,537.4"
10,10_video_camera_pc,カメラJ横,10_video_camera_pc/p10_042_カメラJ横.png,"239.6,521.2,246.5,528.0"
10,10_video_camera_pc,カメラK上,10_video_camera_pc/p10_043_カメラK上.png,"238.0,543.5,246.5,569.3"
10,10_video_camera_pc,モニターA正⾯,10_video_camera_pc/p10_044_モニターA正⾯.png,"67.9,550.2,88.4,569.0"
10,10_video_camera_pc,/⼩三脚+⼀脚 A,10_video_camera_pc/p10_045_⼩三脚+⼀脚_A.png,"400.6,545.2,418.6,569.6"
10,10_video_camera_pc,カメラK横,10_video_camera_pc/p10_046_カメラK横.png,"220.8,582.5,246.5,593.6"
10,10_video_camera_pc,モニター/タブレット,10_video_camera_pc/p10_047_モニター_タブレット.png,"70.0,588.6,88.9,601.9"
10,10_video_camera_pc,/⼩三脚+⼀脚 B,10_video_camera_pc/p10_048_⼩三脚+⼀脚_B.png,"404.0,591.8,418.6,617.0"
10,10_video_camera_pc,カメラL上,10_video_camera_pc/p10_049_カメラL上.png,"229.3,607.0,246.5,632.6"
10,10_video_camera_pc,タブレット,10_video_camera_pc/p10_050_タブレット.png,"70.0,621.2,88.9,633.2"
10,10_video_camera_pc,カメラL横,10_video_camera_pc/p10_051_カメラL横.png,"220.8,643.8,246.5,659.3"
10,10_video_camera_pc,スマートフォン,10_video_camera_pc/p10_052_スマートフォン.png,"75.6,653.9,83.3,666.4"
11,11_people_music_stands_chairs,⼈間 A 上,11_people_music_stands_chairs/p11_001_⼈間_A_上.png,"303.0,73.8,320.2,84.0"
11,11_people_music_stands_chairs,⼈間 A 横,11_people_music_stands_chairs/p11_002_⼈間_A_横.png,"306.5,102.4,316.7,146.5"
11,11_people_music_stands_chairs,譜⾯台 B,11_people_music_stands_chairs/p11_003_譜⾯台_B.png,"79.9,111.7,85.9,117.7"
11,11_people_music_stands_chairs,譜⾯台 C,11_people_music_stands_chairs/p11_004_譜⾯台_C.png,"75.6,140.0,90.2,149.4"
11,11_people_music_stands_chairs,譜⾯台 D,11_people_music_stands_chairs/p11_005_譜⾯台_D.png,"75.6,174.5,90.2,182.4"
11,11_people_music_stands_chairs,⼈間 A 正⾯,11_people_music_stands_chairs/p11_006_⼈間_A_正⾯.png,"303.0,165.1,320.2,208.9"
11,11_people_music_stands_chairs,譜⾯台 E,11_people_music_stands_chairs/p11_007_譜⾯台_E.png,"75.6,203.6,90.2,217.6"
11,11_people_music_stands_chairs,譜⾯台 F,11_people_music_stands_chairs/p11_008_譜⾯台_F.png,"75.6,238.0,90.2,249.7"
11,11_people_music_stands_chairs,⼈間 B 上,11_people_music_stands_chairs/p11_009_⼈間_B_上.png,"302.2,237.0,321.0,247.2"
11,11_people_music_stands_chairs,譜⾯台 G,11_people_music_stands_chairs/p11_010_譜⾯台_G.png,"74.3,268.1,91.4,281.0"
11,11_people_music_stands_chairs,⼈間 B 横,11_people_music_stands_chairs/p11_011_⼈間_B_横.png,"306.4,265.6,316.7,310.4"
11,11_people_music_stands_chairs,譜⾯台 H,11_people_music_stands_chairs/p11_012_譜⾯台_H.png,"74.3,300.7,91.4,313.7"
11,11_people_music_stands_chairs,⼈間 B 正⾯,11_people_music_stands_chairs/p11_013_⼈間_B_正⾯.png,"303.0,319.7,320.2,364.3"
11,11_people_music_stands_chairs,ビッグバンド譜⾯台,11_people_music_stands_chairs/p11_014_ビッグバンド譜⾯台.png,"74.8,333.4,91.1,345.4"
11,11_people_music_stands_chairs,ピアノ椅⼦背なし,11_people_music_stands_chairs/p11_015_ピアノ椅⼦背なし.png,"79.4,362.5,88.1,376.8"
11,11_people_music_stands_chairs,ピアノ椅⼦背あり,11_people_music_stands_chairs/p11_016_ピアノ椅⼦背あり.png,"77.3,396.0,90.2,408.1"
11,11_people_music_stands_chairs,⼈間 C 上,11_people_music_stands_chairs/p11_017_⼈間_C_上.png,"301.7,395.8,321.5,406.0"
11,11_people_music_stands_chairs,⼈間 C 横,11_people_music_stands_chairs/p11_018_⼈間_C_横.png,"306.5,420.1,316.7,464.2"
11,11_people_music_stands_chairs,スタッキング椅⼦A,11_people_music_stands_chairs/p11_019_スタッキング椅⼦A.png,"76.9,425.0,90.6,441.2"
11,11_people_music_stands_chairs,スタッキング椅⼦B,11_people_music_stands_chairs/p11_020_スタッキング椅⼦B.png,"76.9,458.3,90.6,472.9"
11,11_people_music_stands_chairs,⼈間 C 正⾯,11_people_music_stands_chairs/p11_021_⼈間_C_正⾯.png,"303.0,478.6,320.2,522.2"
11,11_people_music_stands_chairs,バス椅⼦/パーカッション椅⼦ A,11_people_music_stands_chairs/p11_022_バス椅⼦_パーカッション椅⼦_A.png,"76.2,490.0,91.3,506.3"
11,11_people_music_stands_chairs,バス椅⼦/パーカッション椅⼦ B,11_people_music_stands_chairs/p11_023_バス椅⼦_パーカッション椅⼦_B.png,"77.8,523.3,89.8,539.8"
11,11_people_music_stands_chairs,⾜印A,11_people_music_stands_chairs/p11_024_⾜印A.png,"312.0,539.3,322.4,548.3"
11,11_people_music_stands_chairs,バス椅⼦/パーカッション椅⼦ C,11_people_music_stands_chairs/p11_025_バス椅⼦_パーカッション椅⼦_C.png,"76.1,557.8,91.4,573.2"
11,11_people_music_stands_chairs,⼈間/椅⼦ A,11_people_music_stands_chairs/p11_026_⼈間_椅⼦_A.png,"76.9,591.2,90.6,605.0"
11,11_people_music_stands_chairs,⾜印B,11_people_music_stands_chairs/p11_027_⾜印B.png,"312.1,588.6,322.2,597.6"
11,11_people_music_stands_chairs,⼈間/椅⼦ B,11_people_music_stands_chairs/p11_028_⼈間_椅⼦_B.png,"76.9,622.1,90.6,635.8"
11,11_people_music_stands_chairs,⾜印C,11_people_music_stands_chairs/p11_029_⾜印C.png,"313.2,638.2,321.2,646.9"
11,11_people_music_stands_chairs,⼈間/椅⼦ C,11_people_music_stands_chairs/p11_030_⼈間_椅⼦_C.png,"76.9,652.9,90.6,666.6"
12,12_instruments_guitars_drums_mallets,ティンパニ AG,12_instruments_guitars_drums_mallets/p12_001_ティンパニ_AG.png,"298.4,61.9,364.3,172.2"
12,12_instruments_guitars_drums_mallets,アコースティックギターA正⾯,12_instruments_guitars_drums_mallets/p12_002_アコースティックギターA正⾯.png,"79.6,66.6,127.4,155.3"
12,12_instruments_guitars_drums_mallets,エレクトリックギター A,12_instruments_guitars_drums_mallets/p12_003_エレクトリックギター_A.png,"79.2,165.5,127.9,171.6"
12,12_instruments_guitars_drums_mallets,コンガ AG,12_instruments_guitars_drums_mallets/p12_004_コンガ_AG.png,"327.6,181.3,351.8,240.0"
12,12_instruments_guitars_drums_mallets,エレクトリックギター A正⾯,12_instruments_guitars_drums_mallets/p12_005_エレクトリックギター_A正⾯.png,"79.8,187.4,126.2,255.7"
12,12_instruments_guitars_drums_mallets,ボンゴ B,12_instruments_guitars_drums_mallets/p12_006_ボンゴ_B.png,"333.8,250.3,345.6,256.6"
12,12_instruments_guitars_drums_mallets,エレクトリックギター B,12_instruments_guitars_drums_mallets/p12_007_エレクトリックギター_B.png,"81.1,265.4,126.1,271.3"
12,12_instruments_guitars_drums_mallets,ドラ/タムタム AG,12_instruments_guitars_drums_mallets/p12_008_ドラ_タムタム_AG.png,"322.1,274.8,357.4,310.0"
12,12_instruments_guitars_drums_mallets,エレクトリックギター B正⾯,12_instruments_guitars_drums_mallets/p12_009_エレクトリックギター_B正⾯.png,"79.6,292.9,125.5,356.5"
12,12_instruments_guitars_drums_mallets,サスペンデッドシンバルAG,12_instruments_guitars_drums_mallets/p12_010_サスペンデッドシンバルAG.png,"334.2,326.3,345.4,353.8"
12,12_instruments_guitars_drums_mallets,ベースギターA,12_instruments_guitars_drums_mallets/p12_011_ベースギターA.png,"77.6,374.4,129.6,380.6"
12,12_instruments_guitars_drums_mallets,クラッシュシンバル,12_instruments_guitars_drums_mallets/p12_012_クラッシュシンバル.png,"334.3,374.4,345.1,388.4"
12,12_instruments_guitars_drums_mallets,コントラバス A,12_instruments_guitars_drums_mallets/p12_013_コントラバス_A.png,"79.4,404.0,127.0,540.7"
12,12_instruments_guitars_drums_mallets,マリンバA,12_instruments_guitars_drums_mallets/p12_014_マリンバA.png,"298.1,406.2,360.5,425.4"
12,12_instruments_guitars_drums_mallets,マリンバB,12_instruments_guitars_drums_mallets/p12_015_マリンバB.png,"301.2,440.0,357.5,456.4"
12,12_instruments_guitars_drums_mallets,ビブラフォンA,12_instruments_guitars_drums_mallets/p12_016_ビブラフォンA.png,"306.6,471.4,352.0,489.8"
12,12_instruments_guitars_drums_mallets,ビブラフォンB,12_instruments_guitars_drums_mallets/p12_017_ビブラフォンB.png,"310.0,504.2,348.6,521.6"
12,12_instruments_guitars_drums_mallets,シロフォンA,12_instruments_guitars_drums_mallets/p12_018_シロフォンA.png,"306.6,537.4,352.0,553.3"
12,12_instruments_guitars_drums_mallets,ドラムセット A,12_instruments_guitars_drums_mallets/p12_019_ドラムセット_A.png,"67.9,555.2,117.7,591.5"
12,12_instruments_guitars_drums_mallets,シロフォンB,12_instruments_guitars_drums_mallets/p12_020_シロフォンB.png,"306.7,570.2,351.8,585.2"
12,12_instruments_guitars_drums_mallets,ドラムセット B,12_instruments_guitars_drums_mallets/p12_021_ドラムセット_B.png,"67.9,601.0,117.7,665.4"
12,12_instruments_guitars_drums_mallets,グロッケンシュピールA,12_instruments_guitars_drums_mallets/p12_022_グロッケンシュピールA.png,"313.7,601.7,344.9,618.6"
12,12_instruments_guitars_drums_mallets,グロッケンシュピールB,12_instruments_guitars_drums_mallets/p12_023_グロッケンシュピールB.png,"313.0,633.8,345.7,651.1"
12,12_instruments_guitars_drums_mallets,バスドラムC,12_instruments_guitars_drums_mallets/p12_024_バスドラムC.png,"83.0,673.8,102.7,733.2"
12,12_instruments_guitars_drums_mallets,チューブラーベル/コンサート,12_instruments_guitars_drums_mallets/p12_025_チューブラーベル_コンサート.png,"316.1,668.2,339.2,681.0"
12,12_instruments_guitars_drums_mallets,チャイム B,12_instruments_guitars_drums_mallets/p12_026_チャイム_B.png,"318.7,702.5,336.7,715.4"
12,12_instruments_guitars_drums_mallets,スネアドラムB,12_instruments_guitars_drums_mallets/p12_027_スネアドラムB.png,"87.0,744.7,98.6,771.1"
12,12_instruments_guitars_drums_mallets,ウィンドチャイム,12_instruments_guitars_drums_mallets/p12_028_ウィンドチャイム.png,"321.2,747.1,336.6,747.6"
13,13_instruments_amps_percussion,グランドピアノ A W,13_instruments_amps_percussion/p13_001_グランドピアノ_A_W.png,"63.6,72.8,124.0,116.5"
13,13_instruments_amps_percussion,楽器アンプA,13_instruments_amps_percussion/p13_002_楽器アンプA.png,"316.9,74.6,335.9,86.3"
13,13_instruments_amps_percussion,楽器アンプB,13_instruments_amps_percussion/p13_003_楽器アンプB.png,"319.4,108.5,333.4,117.1"
13,13_instruments_amps_percussion,グランドピアノ A B,13_instruments_amps_percussion/p13_004_グランドピアノ_A_B.png,"63.6,128.5,124.0,172.2"
13,13_instruments_amps_percussion,楽器アンプC,13_instruments_amps_percussion/p13_005_楽器アンプC.png,"319.9,139.3,332.9,146.6"
13,13_instruments_amps_percussion,楽器アンプD,13_instruments_amps_percussion/p13_006_楽器アンプD.png,"316.1,168.8,336.7,178.4"
13,13_instruments_amps_percussion,グランドピアノB W,13_instruments_amps_percussion/p13_007_グランドピアノB_W.png,"63.6,184.2,124.0,227.9"
13,13_instruments_amps_percussion,楽器アンプE,13_instruments_amps_percussion/p13_008_楽器アンプE.png,"316.1,197.5,336.7,209.3"
13,13_instruments_amps_percussion,楽器アンプF,13_instruments_amps_percussion/p13_009_楽器アンプF.png,"316.1,231.5,336.7,240.6"
13,13_instruments_amps_percussion,グランドピアノ B B,13_instruments_amps_percussion/p13_010_グランドピアノ_B_B.png,"63.6,239.9,124.0,283.4"
13,13_instruments_amps_percussion,楽器アンプG,13_instruments_amps_percussion/p13_011_楽器アンプG.png,"315.2,262.8,337.6,274.4"
13,13_instruments_amps_percussion,グランドピアノ C,13_instruments_amps_percussion/p13_012_グランドピアノ_C.png,"52.8,295.4,134.6,342.8"
13,13_instruments_amps_percussion,楽器アンプH,13_instruments_amps_percussion/p13_013_楽器アンプH.png,"315.6,296.6,337.1,309.0"
13,13_instruments_amps_percussion,グランドピアノ D,13_instruments_amps_percussion/p13_014_グランドピアノ_D.png,"53.8,354.7,133.8,401.0"
13,13_instruments_amps_percussion,アップライトピアノ B,13_instruments_amps_percussion/p13_015_アップライトピアノ_B.png,"76.2,413.2,121.1,463.0"
13,13_instruments_amps_percussion,⻑胴太⿎ A,13_instruments_amps_percussion/p13_016_⻑胴太⿎_A.png,"322.1,408.5,340.7,425.2"
13,13_instruments_amps_percussion,⻑胴太⿎ B,13_instruments_amps_percussion/p13_017_⻑胴太⿎_B.png,"322.2,437.9,340.3,454.2"
13,13_instruments_amps_percussion,⻑胴太⿎ C,13_instruments_amps_percussion/p13_018_⻑胴太⿎_C.png,"322.3,466.9,340.3,485.6"
13,13_instruments_amps_percussion,鍵盤楽器,13_instruments_amps_percussion/p13_019_鍵盤楽器.png,"77.3,488.8,120.1,501.6"
13,13_instruments_amps_percussion,⻑胴太⿎ D,13_instruments_amps_percussion/p13_020_⻑胴太⿎_D.png,"322.2,498.4,340.2,519.1"
13,13_instruments_amps_percussion,電⼦ピアノ A,13_instruments_amps_percussion/p13_021_電⼦ピアノ_A.png,"76.8,529.9,120.6,540.6"
13,13_instruments_amps_percussion,⻑胴太⿎ E,13_instruments_amps_percussion/p13_022_⻑胴太⿎_E.png,"322.3,531.8,340.2,551.5"
13,13_instruments_amps_percussion,電⼦ピアノ B,13_instruments_amps_percussion/p13_023_電⼦ピアノ_B.png,"75.7,561.1,121.7,572.3"
13,13_instruments_amps_percussion,⻑胴太⿎ F,13_instruments_amps_percussion/p13_024_⻑胴太⿎_F.png,"322.1,564.2,340.6,582.7"
13,13_instruments_amps_percussion,シンセサイザー A,13_instruments_amps_percussion/p13_025_シンセサイザー_A.png,"77.5,592.8,119.9,603.1"
13,13_instruments_amps_percussion,桶胴太⿎ A,13_instruments_amps_percussion/p13_026_桶胴太⿎_A.png,"320.3,595.8,341.2,617.8"
13,13_instruments_amps_percussion,シンセサイザー B,13_instruments_amps_percussion/p13_027_シンセサイザー_B.png,"77.5,623.5,119.9,633.8"
13,13_instruments_amps_percussion,桶胴太⿎ B,13_instruments_amps_percussion/p13_028_桶胴太⿎_B.png,"322.9,628.8,338.5,649.0"
13,13_instruments_amps_percussion,ハープ A,13_instruments_amps_percussion/p13_029_ハープ_A.png,"84.5,653.6,112.9,665.2"
13,13_instruments_amps_percussion,桶胴太⿎ C,13_instruments_amps_percussion/p13_030_桶胴太⿎_C.png,"321.7,661.0,339.7,679.0"
13,13_instruments_amps_percussion,ハープ B,13_instruments_amps_percussion/p13_031_ハープ_B.png,"84.2,686.0,113.2,696.8"
13,13_instruments_amps_percussion,桶胴太⿎ D,13_instruments_amps_percussion/p13_032_桶胴太⿎_D.png,"313.6,690.6,347.9,714.6"
13,13_instruments_amps_percussion,ハープ C,13_instruments_amps_percussion/p13_033_ハープ_C.png,"84.5,717.2,113.0,729.7"
13,13_instruments_amps_percussion,締太⿎ A,13_instruments_amps_percussion/p13_034_締太⿎_A.png,"325.4,730.9,336.0,742.6"
13,13_instruments_amps_percussion,⼩物置き/パーカッションテーブル,13_instruments_amps_percussion/p13_035_⼩物置き_パーカッションテーブル.png,"91.8,751.6,105.6,761.9"
13,13_instruments_amps_percussion,締太⿎ B,13_instruments_amps_percussion/p13_036_締太⿎_B.png,"325.7,761.9,336.0,772.7"
14,14_safety_guide_misc,センターラインマークA,14_safety_guide_misc/p14_001_センターラインマークA.png,"403.0,69.8,412.0,83.4"
14,14_safety_guide_misc,センターラインマークB,14_safety_guide_misc/p14_002_センターラインマークB.png,"402.4,102.0,411.8,115.6"
14,14_safety_guide_misc,消⽕器A,14_safety_guide_misc/p14_003_消⽕器A.png,"399.5,131.2,415.7,160.9"
14,14_safety_guide_misc,消⽕器B,14_safety_guide_misc/p14_004_消⽕器B.png,"399.5,175.9,415.7,205.7"
14,14_safety_guide_misc,機材A,14_safety_guide_misc/p14_005_機材A.png,"77.3,191.3,107.4,211.8"
14,14_safety_guide_misc,消⽕器C,14_safety_guide_misc/p14_006_消⽕器C.png,"378.8,223.6,413.2,257.9"
14,14_safety_guide_misc,バケツ,14_safety_guide_misc/p14_007_バケツ.png,"386.0,273.0,405.8,299.0"
14,14_safety_guide_misc,誘導⼈員,14_safety_guide_misc/p14_008_誘導⼈員.png,"387.6,317.9,404.3,351.4"
14,14_safety_guide_misc,機材A,14_safety_guide_misc/p14_009_機材A.png,"75.2,357.1,148.6,378.5"
14,14_safety_guide_misc,誘導灯A,14_safety_guide_misc/p14_010_誘導灯A.png,"378.8,369.8,413.2,404.3"
14,14_safety_guide_misc,誘導灯B,14_safety_guide_misc/p14_011_誘導灯B.png,"378.8,413.6,413.2,448.1"
14,14_safety_guide_misc,救護所,14_safety_guide_misc/p14_012_救護所.png,"378.8,461.8,413.2,496.1"
14,14_safety_guide_misc,アクセシブル/⾞いす席,14_safety_guide_misc/p14_013_アクセシブル_⾞いす席.png,"378.8,509.8,413.2,544.1"
14,14_safety_guide_misc,x4,14_safety_guide_misc/p14_014_x4.png,"76.1,538.2,128.6,558.0"
14,14_safety_guide_misc,オーディオガイド,14_safety_guide_misc/p14_015_オーディオガイド.png,"378.8,557.6,413.2,592.1"
14,14_safety_guide_misc,受付,14_safety_guide_misc/p14_016_受付.png,"378.8,605.6,413.2,640.0"
14,14_safety_guide_misc,インフォメーション,14_safety_guide_misc/p14_017_インフォメーション.png,"378.8,653.6,413.2,688.0"
14,14_safety_guide_misc,案内所,14_safety_guide_misc/p14_018_案内所.png,"378.8,701.5,413.2,736.0"
14,14_safety_guide_misc,会計,14_safety_guide_misc/p14_019_会計.png,"378.8,749.5,413.2,783.8"
